Year,Max Intensity,Initial Date,Month,Lat,Lon
1891,D,20,5,9.71,81.38
1891,D,24,7,22.11,88.65
1891,D,1,8,20.14,91.82
1891,D,12,8,22.99,89.73
1891,D,1,9,20.64,87.98
1891,D,5,9,20.93,89.3
1891,D,17,9,18.26,87
1891,D,11,9,20.34,88.9
1891,CS,20,9,15.52,97.6
1891,D,20,10,9.98,84.36
1891,SCS,20,11,10.95,86.92
1891,SCS,1,11,7.74,74.96
1891,SCS,1,11,9.26,98.44
1892,SCS,28,4,16.25,60
1892,D,1,6,19.41,70.47
1892,SCS,8,6,19.11,88.92
1892,D,22,7,23.2,87.48
1892,D,18,7,24.24,86.96
1892,CS,9,7,19.23,89
1892,D,29,8,18.12,87.01
1892,CS,7,9,17.12,91.91
1892,D,19,9,14.61,86.53
1892,CS,14,10,8.33,92.64
1892,CS,18,10,13.26,94.89
1892,D,26,10,9.98,86.86
1893,CS,25,4,11.3,91.65
1893,SCS,23,5,18.99,87.63
1893,D,25,6,23.27,90.84
1893,CS,12,6,12.73,91.98
1893,D,31,7,20.37,88.37
1893,CS,2,9,19.42,88.78
1893,CS,9,9,17.64,90.17
1893,CS,21,9,16.45,89.24
1893,SCS,20,10,14.7,91.09
1893,CS,25,10,10.51,97.6
1893,SCS,4,11,10.08,85.15
1893,SCS,12,11,11.64,73.44
1894,CS,27,4,12.44,92.8
1894,D,13,6,22.98,91.63
1894,CS,21,6,19.79,87.22
1894,CS,24,7,21.54,90.16
1894,CS,11,7,19.45,87.28
1894,D,3,7,25.22,89.43
1894,CS,16,7,19.39,88.78
1894,D,13,8,22.78,88.05
1894,D,27,9,19.36,88.21
1894,D,30,10,12.04,90.61
1894,CS,23,10,14.64,67.84
1894,D,2,10,20,88.11
1895,SCS,22,4,9.41,85.87
1895,CS,14,6,17.63,69.83
1895,D,19,6,20.6,88.07
1895,D,28,6,20.6,88.07
1895,D,18,7,18.34,88.38
1895,D,30,7,20.57,87.91
1895,D,6,8,18.95,87.93
1895,SCS,4,9,16.88,87.65
1895,SCS,30,9,16.66,86.91
1895,D,16,9,17.46,89.98
1895,SCS,10,12,10.42,88.82
1896,CS,25,5,12.77,69
1896,CS,18,6,20.18,89.13
1896,SCS,26,6,20.18,89.97
1896,CS,22,7,21.25,89.18
1896,SCS,26,7,21.03,90.33
1896,D,20,8,21.32,89.36
1896,CS,1,8,20.56,89.36
1896,D,13,8,20.51,88.54
1896,CS,13,9,20.27,90.6
1896,SCS,14,11,5.71,79.6
1897,CS,13,5,13.94,95.49
1897,D,15,6,19.6,88.91
1897,D,9,7,20.68,88.14
1897,CS,10,7,19.75,70.78
1897,D,14,7,24.37,88.4
1897,CS,13,8,21.17,88.29
1897,D,9,9,18.88,85.73
1897,D,12,9,20.8,70.8
1897,D,23,9,16.58,90.87
1897,SCS,21,10,13.93,96.36
1897,CS,2,10,17.36,84.28
1897,SCS,26,12,12.26,85.04
1898,SCS,31,5,10.41,59.52
1898,SCS,5,5,12.12,94.68
1898,CS,13,6,17.76,85.43
1898,D,2,7,21.01,88.88
1898,D,16,7,24.94,85.97
1898,CS,9,8,21.15,89.11
1898,D,13,8,23.26,89.74
1898,D,21,8,21.85,90.96
1898,D,28,8,24.27,90.6
1898,D,20,9,20.73,88.7
1898,CS,11,9,17.38,86.46
1898,CS,9,10,12.93,85.67
1898,SCS,5,11,10.3,85.61
1899,CS,28,4,12.41,93.54
1899,D,13,7,21.94,89.69
1899,D,27,8,19.2,86.78
1899,CS,8,8,15.12,94.73
1899,D,21,9,16.76,88.35
1899,D,9,9,18.4,92.4
1899,CS,12,10,10.69,82
1900,CS,11,6,18.98,88.77
1900,D,22,6,20.64,88.2
1900,D,13,7,21.04,88.5
1900,CS,29,7,18.37,88.8
1900,SCS,15,8,19.63,91.2
1900,D,25,8,20.57,89.79
1900,D,9,8,20.1,88.21
1900,D,15,9,20.37,88.38
1900,D,23,10,10,85.48
1900,D,4,10,14.44,86.86
1901,SCS,25,4,5.54,74.21
1901,D,21,9,16.58,85.74
1901,D,5,10,16.79,87.3
1901,D,13,10,16.49,87.65
1901,SCS,24,11,11.33,87.62
1901,CS,14,11,14.35,83.71
1902,SCS,5,5,13.16,95.21
1902,SCS,7,5,11.06,55.14
1902,SCS,11,6,19.03,70.77
1902,CS,15,7,20.27,89.13
1902,D,27,7,21.57,88.36
1902,D,24,8,20.2,87.76
1902,D,19,8,17.09,86.18
1902,D,1,9,20.48,87.96
1902,D,23,9,17.28,89.65
1902,SCS,14,10,13.53,64.84
1902,D,27,10,8.88,85.22
1902,SCS,28,10,10.59,65.21
1902,CS,7,12,9.24,62.79
1903,SCS,22,5,15.84,72.42
1903,SCS,12,6,12.63,72
1903,D,25,6,21.59,88.34
1903,CS,12,7,18.36,87.41
1903,CS,14,7,20.24,69.23
1903,D,23,7,20.73,87.66
1903,CS,29,8,15.89,85.72
1903,D,1,8,19.88,87.53
1903,D,11,9,23.24,89.74
1903,CS,5,10,18.54,86.16
1903,CS,28,10,12.6,84.14
1903,D,4,11,11.04,87.26
1903,CS,13,11,13.34,86.29
1903,D,25,11,10.43,87.51
1904,CS,25,5,13.36,83.9
1904,D,10,6,21.09,88.56
1904,D,1,7,20.97,88.5
1904,D,7,7,22.93,89.05
1904,CS,12,8,19.5,89.62
1904,D,20,8,20.14,88.54
1904,D,10,9,18.15,86.83
1904,CS,14,10,12.02,85.24
1904,CS,21,11,11.81,88.56
1905,CS,30,6,20.62,87.8
1905,CS,5,7,21.5,90.03
1905,D,11,7,20.64,90.13
1905,D,19,7,21.4,89.34
1905,D,7,9,18.62,86.25
1905,CS,22,9,15.89,87.28
1905,D,28,9,21.9,89.17
1905,CS,22,10,17.62,67.57
1905,CS,23,10,16.38,85.48
1905,CS,8,12,14.21,92.18
1906,CS,15,1,7.59,84.91
1906,CS,18,6,19.12,86.36
1906,CS,21,7,19.72,87.61
1906,CS,25,7,20.93,90.82
1906,D,7,7,24.11,90.52
1906,D,27,8,19.45,86.42
1906,D,12,9,21.65,89.8
1906,D,24,9,17.01,88.35
1906,CS,30,10,12.33,58.11
1906,SCS,27,10,9.92,84.43
1906,CS,26,12,10.37,83.35
1907,SCS,8,3,8.08,86.27
1907,D,15,5,18.33,91.71
1907,SCS,4,6,19.35,67.16
1907,CS,13,6,15.15,85.51
1907,SCS,18,6,20.61,67.62
1907,CS,23,6,20.11,90.32
1907,D,18,8,23.14,88.48
1907,D,26,8,20.2,87.51
1907,D,12,8,20.14,87.92
1907,D,1,9,23.08,90.17
1907,D,5,10,20.44,89.33
1907,SCS,13,10,13.92,91.4
1907,CS,9,11,12.37,62.73
1907,CS,12,11,9.65,87.11
1907,D,24,11,8.48,96.16
1908,CS,16,6,20.74,87.63
1908,D,1,8,20.24,86.8
1908,D,7,8,20.45,88.11
1908,CS,28,8,18.55,87.7
1908,CS,24,9,16.64,85.02
1908,CS,25,10,9.47,74.1
1908,D,1,11,9.78,84.41
1908,SCS,9,11,13.61,93.18
1908,CS,30,12,7.5,83.3
1909,D,3,5,8.88,83.84
1909,SCS,12,5,12.72,90.34
1909,D,31,7,20.66,89.39
1909,D,2,9,14.64,84.47
1909,D,21,9,20.86,88.47
1909,SCS,15,10,13.48,94.54
1909,SCS,24,10,14.7,93.81
1909,SCS,2,12,11.93,85.9
1910,SCS,13,4,11.91,89.78
1910,SCS,1,7,19.75,90.57
1910,CS,1,8,16.86,85.3
1910,D,8,9,21.36,89.27
1910,CS,12,11,14.46,85.93
1910,CS,3,11,8.96,81.75
1911,SCS,15,4,12.88,86.61
1911,SCS,23,5,8.51,71.07
1911,CS,9,6,17.79,89.72
1911,D,18,6,20.6,88.21
1911,D,28,8,18.67,87.53
1911,SCS,20,9,15.06,94.07
1911,SCS,20,10,9.15,99.07
1912,CS,27,7,19.93,88.77
1912,D,28,8,19.02,87.25
1912,CS,1,8,17.8,86.49
1912,D,5,9,21.8,89.02
1912,D,22,9,14.67,84.93
1912,CS,25,10,14.72,72.8
1912,SCS,28,10,8.25,89.99
1912,SCS,19,11,7.61,80.56
1912,CS,17,12,5.27,82.45
1913,CS,16,7,18.87,87.52
1913,SCS,23,7,21.13,90.75
1913,SCS,30,7,21.68,89.21
1913,D,6,8,22.57,90.18
1913,D,22,8,18.33,86.49
1913,CS,30,8,19.57,87.64
1913,CS,13,10,17.24,86.51
1913,D,31,10,14.1,93.4
1913,D,7,11,6.97,85.88
1913,CS,15,12,5.91,85.5
1914,SCS,13,5,12.52,91.79
1914,SCS,2,6,18.15,87.76
1914,CS,24,6,19.33,87.14
1914,D,10,7,18.03,86.73
1914,D,4,8,23.68,85.94
1914,D,13,9,18.39,85
1914,D,2,10,11.21,94.7
1914,CS,19,12,7.9,85.88
1915,CS,23,6,16.78,87.95
1915,CS,1,8,18.88,88.54
1915,D,26,8,17.16,86.49
1915,CS,30,9,16.73,89.4
1915,D,6,9,19.49,86.58
1915,D,10,10,18.73,87.39
1915,CS,4,11,13.34,87.62
1915,CS,15,11,16.16,84.37
1915,CS,3,12,9.4,89.03
1916,SCS,4,5,11.81,91.09
1916,SCS,25,5,10.97,63.08
1916,D,11,6,21.14,87.96
1916,CS,4,6,18.52,90.87
1916,D,19,8,25,80.65
1916,D,13,8,21,88.84
1916,SCS,19,9,17.64,91.55
1916,D,27,10,14.63,94.11
1916,CS,21,10,11.86,89.04
1916,D,2,10,17.64,88.36
1916,SCS,15,10,9.64,88.34
1916,CS,7,11,14.57,95.38
1916,SCS,21,11,8.33,88.02
1916,D,1,11,17.73,89.66
1917,SCS,1,5,8.92,83.55
1917,D,13,6,21.68,89.7
1917,CS,14,6,19.07,67.68
1917,D,26,6,19.7,88.33
1917,D,30,7,22.54,90.37
1917,D,7,8,20.65,87.83
1917,D,5,9,17.31,87.26
1917,CS,19,10,10.2,73.68
1917,D,1,10,19.24,88.85
1917,D,24,10,10.82,93.97
1918,CS,14,1,5.86,86.21
1918,CS,24,5,19.84,90.35
1918,D,14,6,21.25,87.76
1918,D,28,7,20.53,89.07
1918,D,14,8,19.53,88.29
1918,D,26,8,23.96,84.51
1918,D,4,9,19.38,87.94
1918,D,12,10,19.69,88.44
1918,CS,10,11,10.02,85.77
1918,CS,17,11,8.85,82.02
1918,CS,9,12,6.2,88.46
1919,SCS,30,5,12.31,67.76
1919,D,1,7,19.85,87.46
1919,CS,28,7,17.43,90.6
1919,D,5,8,21.1,90.69
1919,D,11,8,21.58,89.32
1919,D,24,8,18.96,88.43
1919,D,31,8,20,88.7
1919,SCS,23,9,13.79,89.2
1919,SCS,1,11,9.86,83.9
1919,CS,13,11,13.37,85.47
1919,CS,29,12,7.71,86.24
1920,CS,30,4,10.72,88.01
1920,D,20,6,19.67,87.3
1920,SCS,6,6,13.59,69.96
1920,D,30,7,21.14,89.04
1920,D,21,7,23.57,88.48
1920,D,24,8,20.8,88.7
1920,D,5,8,21.03,91.87
1920,D,6,9,16.78,90.47
1920,SCS,20,11,10.33,67.11
1921,CS,6,4,8.7,84.41
1921,CS,24,7,17.5,89.34
1921,D,8,8,19.9,88.4
1921,D,2,9,17.53,89.06
1921,D,2,9,23.26,81.32
1921,D,15,9,17.41,86.89
1921,D,24,10,11.35,86.21
1921,SCS,4,10,10.34,98.09
1921,CS,6,11,9.95,89.18
1921,D,27,12,5.05,86.02
1922,SCS,18,4,8.17,67.77
1922,SCS,19,4,8.33,93.4
1922,D,27,7,20.54,88.71
1922,D,7,7,19.29,89.01
1922,D,19,8,20.43,88.48
1922,D,1,8,22.72,89.76
1922,D,8,9,18.96,88.41
1922,D,22,9,19.54,88.13
1922,D,15,10,9.73,91.74
1922,SCS,17,11,11.71,96.33
1922,SCS,25,11,8.7,89.83
1922,SCS,8,11,13.12,98.05
1922,SCS,6,12,7.51,91.45
1923,D,6,1,5.35,92.74
1923,CS,27,4,13.22,94.08
1923,SCS,2,5,12.99,84.5
1923,D,4,7,22.76,86.1
1923,D,19,7,18.57,87.27
1923,D,28,7,22.79,91.14
1923,D,10,8,21.6,90.97
1923,D,15,8,20.8,89.26
1923,D,21,8,20.85,90.14
1923,D,5,8,22.54,89.54
1923,D,15,9,14.64,86.18
1923,D,28,9,15.45,90.08
1923,D,27,10,8.88,83.13
1923,SCS,10,11,9.79,91.99
1923,SCS,17,12,7.35,79.8
1923,D,22,12,6.77,87.35
1924,CS,9,3,5.03,94.27
1924,CS,27,4,9.08,96.25
1924,D,19,5,13.97,94.7
1924,CS,14,6,17.8,90.19
1924,D,31,8,13.75,96.96
1924,CS,3,8,20.58,91.04
1924,D,25,8,19.05,89.86
1924,D,23,9,8.5,89.33
1924,D,1,10,14.88,88.87
1924,D,9,10,14.69,92.97
1924,D,18,10,13.87,91.66
1924,CS,4,11,8.78,86.36
1924,CS,14,11,10.75,88.96
1925,D,12,1,5,76.69
1925,SCS,12,3,5.02,78.56
1925,CS,10,4,13.16,95.51
1925,SCS,12,5,10.86,92.11
1925,D,2,6,18.2,71.48
1925,D,24,6,17.37,70.42
1925,CS,26,6,19.53,88.52
1925,D,25,7,22.85,88.89
1925,D,3,7,20.97,89.45
1925,D,11,7,20.34,89.15
1925,D,20,8,20.88,89.02
1925,D,30,8,18.6,87.72
1925,D,14,9,23.23,91.12
1925,D,6,9,20.1,88.54
1925,D,14,10,15.64,82.68
1925,CS,14,10,14.18,94.65
1925,D,14,11,13.91,94.79
1925,CS,24,11,7.72,87.04
1925,SCS,6,11,7.78,84.18
1925,D,19,12,10.56,89.87
1926,SCS,19,5,8.82,83.81
1926,CS,5,7,21.52,90.97
1926,D,5,8,17.12,86.56
1926,CS,13,8,24.28,87.68
1926,D,29,9,15.43,93
1926,CS,16,9,19.94,69.95
1926,CS,1,9,25.26,76.32
1926,D,4,9,23.96,87.56
1926,CS,14,9,15.83,89.35
1926,CS,15,10,13.54,95.62
1926,SCS,21,11,9.98,84.58
1926,SCS,8,11,7.94,79.64
1926,CS,24,12,9.75,86.55
1927,D,5,5,11.28,87
1927,D,14,5,13.41,95.93
1927,SCS,31,5,17.23,91.84
1927,CS,31,5,10.67,71.21
1927,CS,16,6,17.95,86.85
1927,D,11,7,20.75,88.43
1927,D,20,7,18.56,87.96
1927,D,23,7,20.7,88.31
1927,CS,27,7,19.45,89.13
1927,D,21,8,17.21,90.76
1927,D,11,8,19.07,86.51
1927,D,16,8,20.84,88.79
1927,D,1,9,20.6,88.7
1927,D,18,9,15.34,88.1
1927,D,4,10,17.14,89.14
1927,SCS,29,10,9.91,91.64
1927,CS,10,11,11.34,68.49
1927,CS,14,11,12.69,88.52
1928,CS,25,3,7.59,90.17
1928,CS,5,6,18,89.04
1928,D,15,6,23.91,87.3
1928,CS,17,7,18.53,92.74
1928,CS,23,7,18.5,88.26
1928,D,31,8,22.27,87.58
1928,D,1,8,20.04,90.72
1928,D,24,8,17.67,89.61
1928,CS,1,10,14.27,93.83
1928,D,19,10,9.2,84.35
1928,D,22,10,11.9,72.44
1928,CS,13,11,8.29,91.68
1928,CS,22,12,9.27,87.81
1929,CS,3,1,10.56,91.95
1929,D,12,5,13.71,86.24
1929,CS,2,6,16.66,91.41
1929,D,19,6,18.28,86.29
1929,D,27,7,22.62,90.03
1929,CS,15,7,20.48,89.94
1929,D,11,7,19.33,89
1929,D,23,7,21.92,90.63
1929,D,28,8,18.86,88.74
1929,D,7,8,20.31,90.91
1929,CS,23,8,19.23,88.45
1929,CS,27,9,11.77,70.21
1929,D,2,10,11.42,85.21
1929,D,3,11,7.41,86.38
1929,CS,26,11,10.75,83.55
1930,CS,5,5,5.13,83.74
1930,CS,12,5,18.05,88.42
1930,CS,27,6,20.01,63.3
1930,CS,28,6,18.81,89.46
1930,D,20,6,16.63,69.57
1930,CS,15,7,19.96,91.66
1930,D,22,7,20.83,88.78
1930,D,6,9,17.78,91.21
1930,CS,25,10,10.34,75.26
1930,CS,21,10,7.46,86.86
1930,CS,8,11,12.95,91.27
1930,SCS,28,11,9.46,85.81
1930,CS,16,11,11.83,87.53
1930,D,20,12,9.45,92.42
1931,CS,14,5,14.08,88.43
1931,D,6,8,18.69,88.7
1931,D,14,8,19.54,89.78
1931,CS,19,8,20.39,89.68
1931,D,30,8,18.68,88.26
1931,D,22,9,18.14,88.55
1931,D,25,10,17.21,85.34
1931,CS,30,10,9.86,84.48
1931,CS,11,10,17.2,88.39
1931,SCS,22,12,6.88,82.68
1931,D,9,12,5.3,80.73
1932,D,20,5,11.89,74.86
1932,SCS,23,5,15.92,85.68
1932,SCS,24,5,10.39,73.91
1932,D,7,6,19.33,90.3
1932,D,9,7,18,86.6
1932,D,19,7,19.27,88.69
1932,D,24,7,19.54,88.07
1932,CS,18,9,18.55,89.4
1932,D,2,9,18.67,87.44
1932,CS,14,10,10.57,74.5
1932,CS,19,10,13.79,96.87
1932,D,30,10,10.59,83.21
1932,D,11,11,9.46,83.09
1932,CS,22,11,7.94,88.91
1933,SCS,13,5,7.97,70.71
1933,CS,22,5,11.09,87.26
1933,CS,14,6,17.42,85.23
1933,D,17,7,21.53,87.75
1933,D,15,7,22.7,80.09
1933,D,30,7,17.52,87.75
1933,D,24,7,20.43,90.62
1933,D,8,8,16.79,92.21
1933,CS,2,8,19.07,90.55
1933,D,21,8,24.67,84.84
1933,CS,17,9,16.8,93.53
1933,D,6,9,16.39,87.6
1933,D,12,9,19.94,87.14
1933,CS,13,10,10.54,92.54
1933,SCS,14,11,8.94,94.62
1933,SCS,12,12,6.76,85.58
1934,D,23,1,7.43,85.96
1934,CS,19,4,12.43,89.97
1934,D,11,6,14.44,72.17
1934,D,27,6,18.04,87.54
1934,D,30,6,20.74,89.02
1934,D,31,7,15.59,85.25
1934,D,10,8,20.3,87.81
1934,D,15,8,17.84,87.85
1934,D,21,8,20.54,88.15
1934,D,6,9,16.79,88.99
1934,CS,17,9,19.76,89.47
1934,D,1,10,20.45,94.95
1934,D,15,10,19.78,88.08
1934,CS,31,10,12,70.81
1934,CS,5,11,10.14,92.05
1934,CS,25,11,8.07,87.97
1935,CS,28,1,22.53,61.86
1935,D,26,4,12.31,92.79
1935,CS,17,6,16.87,71.63
1935,D,25,6,17.97,86.94
1935,SCS,8,7,20.09,89.92
1935,D,14,7,14.38,87.25
1935,D,5,8,20.85,89.92
1935,D,12,8,23.84,86.37
1935,D,7,9,20.4,89.9
1935,D,21,9,19.1,89.12
1935,CS,20,10,14.01,93.24
1935,CS,17,10,9.16,83.07
1935,D,2,11,13.2,95.03
1935,SCS,11,11,8.35,86.8
1935,D,6,12,10.3,93.83
1936,SCS,22,4,8.94,90.29
1936,SCS,23,5,12.45,82.71
1936,CS,11,6,18.9,89.26
1936,D,25,6,19.94,87.58
1936,CS,28,6,22.21,77.67
1936,D,2,7,19.36,87.52
1936,D,21,7,18.1,87.33
1936,D,17,8,17.71,87.01
1936,D,26,8,19.71,89.36
1936,D,5,9,18.57,89.32
1936,D,29,9,14.8,94
1936,SCS,29,9,14.24,85.91
1936,CS,25,10,9.92,87.97
1936,D,4,11,8.26,88.12
1936,D,3,11,9.35,75.68
1936,D,2,12,10.33,90.85
1936,D,31,12,7.83,81.89
1937,D,15,4,9.57,89.34
1937,SCS,28,4,13.8,96.93
1937,D,14,6,18.53,70.43
1937,CS,20,6,20.84,89.1
1937,D,2,7,19.76,88.33
1937,D,11,7,19.11,87.65
1937,CS,22,7,18.98,88.94
1937,D,25,8,24.26,81.04
1937,D,2,8,19.97,89.9
1937,SCS,26,9,16.2,94.18
1937,D,5,9,20.7,87.86
1937,D,11,9,17.56,90.15
1937,D,3,9,19.02,87.5
1937,D,1,10,10.98,83.63
1937,D,3,10,14.29,74.75
1937,CS,11,10,14.16,95.81
1937,D,14,11,9.65,82.49
1937,D,29,11,9.62,84.06
1937,CS,26,12,10.58,93.48
1938,D,20,3,7.32,85.49
1938,D,25,5,19.82,88.88
1938,D,29,5,15.49,70
1938,D,10,7,23.75,88.52
1938,D,11,8,21.25,90.62
1938,D,26,9,13.29,91.29
1938,SCS,6,10,17.09,90.34
1938,SCS,5,11,11.22,72.89
1938,SCS,6,11,7.37,90.84
1938,SCS,21,11,8.47,91.38
1939,SCS,7,1,6.41,88.6
1939,CS,12,4,6.29,82.16
1939,CS,23,6,22.19,87.76
1939,D,20,7,20.28,88.8
1939,CS,29,7,24.53,90.46
1939,D,8,7,17.94,86.79
1939,D,14,7,23.21,87.88
1939,D,16,8,20.63,89.79
1939,D,22,8,18.82,91.19
1939,CS,28,8,18.39,91.8
1939,D,12,9,23.3,85.47
1939,D,21,9,21.6,90.59
1939,D,30,9,16.88,93.26
1939,D,6,9,20.2,88.37
1939,D,17,10,9.67,72.35
1939,D,21,10,14.38,82.45
1939,SCS,15,11,8.48,82.18
1939,D,18,11,11.59,74.68
1939,SCS,3,12,9.26,95.13
1940,SCS,18,5,11.68,83.29
1940,D,24,6,19.26,87.33
1940,SCS,30,6,20.51,88.8
1940,SCS,8,7,21.05,89.51
1940,CS,2,8,21.24,89.46
1940,D,13,8,19.26,85.68
1940,D,20,8,18.26,87.35
1940,D,26,8,21.68,89.92
1940,D,18,9,13.64,96.44
1940,D,15,9,16.36,87.1
1940,SCS,10,10,11.44,73.85
1940,CS,20,10,17.27,86.76
1940,D,12,11,10.84,81.66
1940,CS,15,11,12.41,84.91
1940,SCS,3,11,9.99,74.49
1940,D,20,12,10.48,91.37
1941,SCS,22,5,12.21,95.35
1941,SCS,25,5,10.55,71.15
1941,D,28,6,21.1,90.28
1941,D,15,6,21.2,88.8
1941,D,1,6,16.16,84.09
1941,CS,4,6,20,87.67
1941,SCS,6,7,21.41,88.1
1941,D,28,7,20.1,91.68
1941,D,25,8,22.7,89.13
1941,D,31,8,24.77,86.1
1941,CS,15,8,18.91,92.17
1941,CS,8,8,19.67,89.13
1941,D,7,9,19.76,89.26
1941,D,12,9,14.67,84.29
1941,D,3,10,14.55,71.44
1941,D,4,10,6.58,88.03
1941,D,15,11,12.23,83.18
1941,SCS,30,11,7.68,87.39
1941,CS,9,12,6.64,92.64
1942,D,24,4,9.3,80.45
1942,D,28,4,11.17,73.64
1942,CS,3,6,15.3,91.23
1942,CS,8,7,20.38,90.28
1942,D,24,7,21.15,89.49
1942,D,28,7,20.58,89.51
1942,D,1,8,22.03,90.53
1942,D,29,8,18.34,90.11
1942,D,26,9,16.86,86.43
1942,D,9,9,20.68,92.24
1942,D,19,9,22.56,89.79
1942,CS,31,10,10.62,85.36
1942,SCS,14,10,16.96,90.78
1942,SCS,13,11,14.12,94.9
1943,SCS,13,5,10.22,82.74
1943,D,31,5,19.44,89.04
1943,D,18,7,21.59,88.83
1943,CS,24,7,19.35,90.25
1943,D,31,7,19.66,90.24
1943,CS,10,7,19.88,88.52
1943,D,21,8,22.71,88.41
1943,D,4,8,21.88,89.55
1943,CS,22,9,18.51,89.26
1943,CS,5,10,13.17,84.74
1943,CS,16,10,9.04,86.02
1943,CS,29,10,13.47,86.72
1943,D,16,11,15.42,70.1
1943,D,20,11,8.1,86.01
1944,SCS,29,2,5.05,84.57
1944,D,20,5,14.22,91.58
1944,D,15,6,20.21,90.12
1944,D,14,6,16.15,69.91
1944,D,9,7,18.47,87.63
1944,CS,23,7,21.21,90.62
1944,SCS,28,7,19.96,89.59
1944,D,18,7,20.77,89.57
1944,D,11,8,24.45,78.79
1944,CS,14,8,23.55,84.5
1944,CS,18,8,18.88,89.64
1944,D,24,8,20.95,90.84
1944,D,29,9,18.79,89.48
1944,D,3,10,21.15,89.01
1944,D,14,10,13.03,85.83
1944,CS,25,10,11.31,84.3
1944,CS,6,11,12.48,90.44
1944,D,28,11,8.37,87.12
1944,CS,31,12,9.78,87.29
1945,D,30,4,10.47,92.42
1945,D,26,6,22.93,84.79
1945,D,7,7,19.39,88.96
1945,D,21,7,17.27,87.85
1945,CS,2,7,20.9,89.3
1945,D,31,8,15.71,84.87
1945,D,29,9,17.41,89.09
1945,D,6,9,17.71,90.31
1945,D,18,9,17.47,89.18
1945,SCS,15,10,6.89,91.77
1945,D,6,11,6.56,86.25
1945,D,11,11,6.25,76.08
1945,D,28,11,5.19,89.65
1945,SCS,12,12,8.49,88.03
1945,D,4,12,7.35,86.56
1946,SCS,2,6,10.95,71.29
1946,D,20,7,16.74,86.76
1946,D,2,7,20.14,91.27
1946,D,14,7,22.94,87.91
1946,D,1,8,20.45,88.37
1946,D,5,8,19.54,89.98
1946,D,17,8,19.94,90.44
1946,D,6,9,19.96,89.7
1946,D,11,9,22.71,89.44
1946,D,14,9,19.54,88.83
1946,D,16,10,12.05,85.31
1946,CS,3,10,15.78,91.52
1946,CS,6,11,8.37,88.23
1946,CS,15,11,8.87,86.28
1946,CS,1,11,8.95,88.43
1946,D,3,12,11.16,81.87
1946,D,6,12,10.72,86.26
1947,D,25,2,5.83,88.73
1947,D,18,4,12.62,96.41
1947,SCS,13,4,9.32,74.73
1947,D,10,6,20.96,89.9
1947,CS,24,6,18.47,90.14
1947,D,15,7,19.55,89.98
1947,CS,10,7,18.98,90.46
1947,D,27,8,18.4,89.24
1947,D,21,8,16.95,87.3
1947,D,25,9,17,88.24
1947,D,23,9,18.06,72.1
1947,D,2,9,21.04,89.06
1947,D,15,10,20.6,89.5
1947,D,12,10,13.78,87.08
1947,SCS,21,10,8.26,92.33
1947,D,1,11,11.61,96.38
1947,D,11,12,7.37,92.21
1947,D,20,12,7.37,86.68
1948,D,14,1,10.85,87.17
1948,D,3,4,12.54,92.75
1948,D,16,5,14.42,92.3
1948,SCS,5,6,17.37,62.91
1948,D,12,6,15.36,71.72
1948,D,24,6,20.46,89.05
1948,D,6,7,20.17,88.24
1948,D,27,7,19.57,90.22
1948,CS,12,8,17.69,86.26
1948,D,23,8,20.84,88.62
1948,D,27,9,17.09,88.19
1948,SCS,19,9,16.84,85.91
1948,CS,29,10,8.23,90.95
1948,D,2,10,19.99,90.23
1948,D,4,10,21.92,66.95
1948,D,6,10,14.88,96.04
1948,CS,20,10,7.4,72.49
1948,SCS,18,11,10.67,70.65
1949,D,22,4,11.09,88.93
1949,D,21,5,10.89,84.32
1949,D,29,5,19.66,90.48
1949,D,30,5,17.18,70.28
1949,D,8,6,19.9,88.1
1949,D,13,7,18.78,85.68
1949,D,1,8,19.45,88.02
1949,D,19,9,15.65,92.88
1949,D,7,9,18.25,86.97
1949,D,13,9,20.2,87.66
1949,SCS,21,10,9.64,95.28
1949,D,8,10,17.64,89.97
1950,D,8,4,5.16,83.02
1950,D,23,5,7.49,93.15
1950,CS,9,6,18.76,90.85
1950,D,23,6,20.27,88.86
1950,D,11,7,19.58,87.77
1950,D,11,7,25.15,79.21
1950,D,25,7,21.28,89.45
1950,D,3,8,24.79,86.5
1950,D,9,8,20.58,89.09
1950,D,1,9,25.82,78.63
1950,D,9,9,15.06,84.63
1950,CS,12,9,20.74,89.86
1950,D,22,9,18.69,88.05
1950,D,17,10,11.55,82.24
1950,CS,16,11,11.01,83.43
1950,CS,2,12,7.43,85.54
1951,CS,15,4,7.22,69.34
1951,D,4,6,17.93,88.19
1951,D,11,6,18.11,68.23
1951,D,26,6,19.94,87.75
1951,D,21,7,18.2,85.91
1951,CS,24,7,16.62,89.27
1951,D,30,7,19.48,87.02
1951,D,4,8,20.01,87.77
1951,D,16,8,19.76,89.88
1951,D,31,8,19.94,88.87
1951,D,9,9,21.32,94.26
1951,D,11,10,18.65,87.05
1951,D,24,11,11.39,85.14
1951,SCS,12,11,7.62,63.62
1951,SCS,6,12,7.52,90.2
1952,SCS,20,5,12.24,83.61
1952,D,16,5,10.39,92.25
1952,D,24,6,20.94,89.76
1952,D,20,7,20.5,88.71
1952,CS,4,7,20.18,88.19
1952,D,27,7,21.95,86.69
1952,D,31,7,21.2,90.55
1952,D,20,8,19.09,88.88
1952,D,13,8,21.06,88.91
1952,D,6,10,13.35,83.77
1952,D,15,10,14.35,84.99
1952,D,19,10,14.39,92.32
1952,D,23,10,14.43,95.84
1952,CS,8,11,13.52,88.58
1952,SCS,26,11,6.57,92.23
1952,D,2,12,10.59,73.52
1952,D,7,12,8.8,81.03
1953,D,28,1,8.24,96.77
1953,SCS,30,4,12.21,90.83
1953,D,16,6,17.05,86.23
1953,D,1,8,19.73,89.53
1953,D,10,8,20.11,90.19
1953,D,23,8,21.88,88.55
1953,D,23,9,15.65,91.51
1953,D,21,10,10.71,83.26
1953,D,4,11,10.92,91.78
1953,D,23,11,10.33,92.04
1954,D,24,4,11.14,73.53
1954,D,9,6,19.32,70.26
1954,D,5,7,19.36,88.22
1954,D,7,7,21.06,71.75
1954,D,30,7,18.06,86.4
1954,D,7,8,18.07,86.23
1954,D,2,9,17.62,88
1954,D,21,9,19.84,88.52
1954,D,23,9,21.9,81.03
1954,CS,26,9,13.73,88.06
1954,D,25,10,17.02,84.86
1954,D,20,10,8.28,88.17
1954,D,10,12,9.97,82.42
1954,D,16,12,5.05,85.67
1955,CS,5,5,11.11,83.36
1955,D,17,5,9.78,84.91
1955,D,24,6,17.28,86.74
1955,D,27,6,20.1,89.68
1955,D,25,8,17.77,87.05
1955,CS,2,9,21.18,90.1
1955,D,22,9,19.35,87.27
1955,CS,30,9,17.53,90.3
1955,D,16,10,11.41,86.05
1955,D,22,10,16.07,85.4
1955,SCS,6,10,12.97,90.8
1955,SCS,29,11,9.05,84
1955,CS,4,11,8.79,91.97
1956,D,9,2,6.54,91.31
1956,CS,27,4,7.63,91
1956,SCS,29,5,21.5,89.86
1956,CS,25,6,16.64,85.9
1956,D,9,6,21.31,87.81
1956,D,26,6,20.03,70.04
1956,D,2,7,18.52,87.35
1956,D,7,8,20.8,87.75
1956,D,14,8,17.48,88.05
1956,D,1,8,19.08,87.78
1956,D,9,9,20.89,90.01
1956,D,8,10,17.4,71.38
1956,SCS,26,10,5.84,91.21
1956,D,19,11,8.71,84.57
1957,D,27,5,14.5,72.56
1957,CS,19,8,19.42,90.95
1957,D,10,9,15.48,86.55
1957,D,23,9,18.81,89.98
1957,D,21,10,11.21,69.89
1957,SCS,9,11,10.83,68.68
1957,CS,25,12,6.66,82.9
1958,D,7,5,12.55,82.5
1958,CS,16,5,16.04,87.6
1958,D,16,7,21.3,87.82
1958,D,9,7,19.78,88.24
1958,D,29,8,18.89,87.86
1958,D,13,9,20.57,89.42
1958,D,8,9,20.3,89.42
1958,D,17,10,13.03,82.3
1958,CS,22,10,18.58,90.22
1958,SCS,6,10,10.05,86.26
1958,CS,6,11,15.72,84.8
1958,SCS,18,11,7.27,92.43
1959,SCS,19,5,8.73,70.72
1959,CS,28,6,17.59,89.11
1959,D,23,6,10.45,85.14
1959,CS,25,6,18.29,71.29
1959,D,17,7,17,87.43
1959,CS,10,7,21.01,90.01
1959,D,2,7,22.62,68.95
1959,D,4,7,19.53,88.5
1959,D,3,8,23.35,88.59
1959,D,25,8,18.31,86.23
1959,D,10,9,21.6,86
1959,SCS,27,9,16.67,91.43
1959,D,27,10,8.8,82.56
1959,SCS,11,10,19.38,71.44
1959,D,28,11,9.86,80.5
1959,D,5,12,9.54,90.2
1960,SCS,11,5,9.03,69.9
1960,CS,27,5,19.73,88.33
1960,D,30,6,20.07,88.89
1960,D,3,7,20.91,70.22
1960,D,9,8,21.04,88.86
1960,D,13,8,19.26,90.01
1960,D,24,8,20.06,89.39
1960,D,25,9,20.41,87.95
1960,SCS,8,10,17.58,93.23
1960,SCS,28,10,7.41,89.76
1960,D,7,11,10.4,69.41
1960,D,19,11,10.25,84.54
1960,D,26,11,10,88.04
1960,D,10,11,9.97,82.07
1960,CS,16,11,10.3,67.36
1961,D,10,1,8.81,81.28
1961,D,19,2,6,86.79
1961,SCS,23,5,13.52,73.01
1961,SCS,27,5,14.61,95.19
1961,SCS,5,5,11.16,95.73
1961,D,8,6,20.67,90.38
1961,SCS,21,6,18.79,71.59
1961,D,27,6,17.14,92.79
1961,D,19,7,24.57,68.44
1961,D,2,7,21.7,70.15
1961,D,2,7,20.71,87.96
1961,D,28,8,22.52,68.53
1961,D,27,9,20.24,89.34
1961,CS,11,9,18.65,92.94
1961,D,6,9,21.41,88.35
1961,D,22,9,20.87,88.99
1961,D,9,10,19.69,79.24
1961,D,24,10,20.41,92.36
1962,CS,15,5,11.01,82.11
1962,D,24,5,16.64,91.87
1962,D,28,5,16.41,65.07
1962,D,6,6,18.62,87.95
1962,D,11,7,17.23,86.56
1962,D,8,7,22.46,68.63
1962,CS,19,9,20.2,95.24
1962,D,8,9,16.52,85.83
1962,D,16,9,17.14,85.56
1962,D,23,10,8.1,84.18
1962,SCS,27,10,10.47,93.13
1962,SCS,26,11,7.48,97.09
1962,SCS,10,12,9.72,89.28
1963,D,3,1,5.27,85.56
1963,SCS,18,5,7.44,68.57
1963,SCS,25,5,11.65,90.68
1963,D,6,6,19.43,87.98
1963,D,24,6,14.78,95.52
1963,D,4,7,21.65,89.56
1963,D,9,8,19.56,89
1963,D,8,9,15.5,96.55
1963,D,25,9,16.8,92.81
1963,D,24,10,9.79,91.55
1963,SCS,26,10,18.4,84.05
1963,D,5,10,17.49,92.2
1963,CS,14,10,17.32,70.84
1963,SCS,19,10,9.94,90.41
1963,D,24,11,22.45,63.17
1963,CS,1,12,9.32,72.39
1963,D,2,12,6.22,86.6
1964,CS,6,5,12.66,85.78
1964,SCS,9,6,16.46,71.26
1964,D,3,7,21.21,89.15
1964,D,5,8,19.29,88.72
1964,CS,7,8,18.85,71.02
1964,D,10,8,19.5,88.11
1964,D,15,8,20.6,87.59
1964,D,23,8,21.94,87.54
1964,D,23,9,20.84,89.2
1964,D,28,9,17.06,85.64
1964,D,4,10,20.8,90.66
1964,D,17,10,15.92,89.87
1964,SCS,2,11,9.29,72.83
1964,SCS,4,11,7.87,95
1964,SCS,16,11,13.62,85.75
1964,SCS,17,12,5,93.3
1965,SCS,10,5,13.17,85.29
1965,SCS,26,5,14.72,88.45
1965,D,13,7,18.2,87.63
1965,D,26,7,20.91,89.8
1965,D,27,7,24.28,79.02
1965,D,24,8,20.21,87.1
1965,D,31,8,18.06,90.44
1965,D,19,9,14.63,84.2
1965,D,7,10,17.91,90.73
1965,D,21,10,12.07,82.78
1965,CS,4,11,8.16,93.48
1965,SCS,30,12,7.18,87.9
1965,CS,6,12,6.12,71.66
1965,SCS,7,12,5.66,90.29
1966,SCS,28,4,7.76,88.2
1966,D,17,5,13.6,96.19
1966,D,3,6,14.64,88.28
1966,D,16,6,20.7,90.21
1966,D,28,6,21.09,87.9
1966,D,17,7,20.13,87.76
1966,D,28,7,21.01,89.12
1966,CS,29,9,12.17,72.21
1966,D,3,9,19.14,88.21
1966,SCS,27,9,8.69,89.76
1966,D,11,10,11.59,86.5
1966,D,22,10,11.73,69.27
1966,SCS,25,11,9.98,95.27
1966,SCS,1,11,9.05,94.86
1966,SCS,18,11,10.06,86.62
1966,SCS,8,11,7.86,84.55
1966,D,16,12,7.66,90.28
1966,CS,8,12,7.41,88.2
1967,CS,2,1,7.67,83.54
1967,SCS,15,5,10.96,91.41
1967,D,29,6,19.79,87.6
1967,D,26,7,20.54,88.14
1967,D,31,7,18.82,90.2
1967,D,18,8,20.81,90.15
1967,D,2,9,21.2,90.34
1967,D,27,9,20.01,89.79
1967,D,20,9,24.89,85.39
1967,SCS,8,10,18.49,89.07
1967,SCS,20,10,8.31,90.62
1967,CS,20,10,6.34,78.43
1967,D,31,10,9.7,85.78
1967,D,27,11,5.56,85.01
1967,SCS,4,12,5.05,86.54
1968,SCS,7,5,13.73,95.63
1968,D,12,6,21.48,89.57
1968,D,26,7,17.8,87.79
1968,D,9,7,23.09,87.38
1968,D,23,8,19.41,89.79
1968,D,11,8,21.87,89.9
1968,D,3,8,21.75,89.46
1968,SCS,30,9,14.66,91.25
1968,CS,10,9,18.78,91.18
1968,SCS,21,10,10.92,88.45
1968,CS,2,11,11.3,85.96
1968,SCS,9,11,8.63,89.06
1968,CS,12,12,5.27,90.4
1969,CS,14,5,14.69,87.33
1969,D,5,6,18.87,68.73
1969,D,17,6,14.8,88.77
1969,D,28,7,18.85,89.34
1969,D,8,8,21.42,89.25
1969,CS,13,8,21,89.39
1969,D,6,9,17.01,86.69
1969,D,18,9,17.02,87.62
1969,D,23,9,20.58,93.13
1969,CS,9,10,18.03,86.6
1969,CS,21,10,10.37,83.09
1969,SCS,4,11,12.17,93.76
1969,D,11,12,10.23,81.43
1969,CS,21,12,5,87.3
1970,SCS,2,5,10.65,88.2
1970,D,23,5,19.45,90.48
1970,CS,29,5,14.25,71.71
1970,D,29,6,20.07,88.1
1970,CS,7,6,21.7,89.4
1970,D,7,7,18.65,90.88
1970,D,18,8,18.31,85.56
1970,D,21,9,16.67,84.22
1970,CS,2,9,22.41,86.81
1970,D,8,9,20.18,90.68
1970,D,11,10,13.71,71.93
1970,SCS,18,10,14.38,84.64
1970,SCS,8,11,12.08,86.26
1970,D,19,11,8.71,84.56
1970,CS,22,11,9.86,71.88
1971,CS,4,5,9.49,92.56
1971,D,2,6,18.12,61.08
1971,SCS,4,6,19.17,87.94
1971,D,20,6,19.17,89.15
1971,D,15,7,19.67,89.08
1971,D,26,7,21.88,88.63
1971,D,8,8,21.05,88.51
1971,D,30,8,22.71,82.09
1971,D,24,9,14.67,84.4
1971,SCS,28,9,18.9,88.5
1971,SCS,27,10,10.25,70.92
1971,D,14,10,15.27,89.46
1971,SCS,27,10,10.84,91.3
1971,SCS,4,11,9.73,93.37
1971,SCS,14,12,6.61,72.75
1972,SCS,7,4,8.24,91.6
1972,D,25,6,21.4,67.59
1972,D,1,7,22.13,66.69
1972,D,5,7,21.36,87.62
1972,CS,13,7,19.97,91.64
1972,D,5,8,21.58,88.97
1972,D,12,8,21.37,89.83
1972,D,28,8,23.35,86.77
1972,SCS,7,9,14.97,99.95
1972,SCS,20,9,16.16,92.42
1972,D,3,10,11.41,88.2
1972,SCS,20,10,9.5,61.52
1972,D,26,11,13.16,91.44
1972,D,13,11,8.82,66.96
1972,SCS,15,11,9.28,90.82
1972,SCS,1,12,9.91,89.5
1972,D,5,12,9.84,99.93
1972,D,20,12,7.34,83.81
1973,D,26,5,11.79,61.43
1973,CS,7,6,15.68,68.54
1973,CS,19,7,20.71,88
1973,D,12,7,19.67,88.63
1973,D,6,7,19.05,86.58
1973,D,7,7,20.26,70.68
1973,D,14,8,26.74,75.32
1973,D,26,8,21.11,88.26
1973,D,2,9,22.17,87.76
1973,CS,7,10,12,90.16
1973,D,24,10,14.47,70.35
1973,SCS,15,11,12.44,89.93
1973,SCS,4,11,6.82,91.33
1973,SCS,5,12,7.22,88.31
1973,D,14,12,6.98,88.69
1973,D,26,12,5,87.54
1974,CS,13,4,6.76,65.29
1974,CS,17,5,11.48,68.56
1974,CS,29,5,21.51,89.68
1974,D,16,6,17.95,87.82
1974,D,8,8,18.74,87.97
1974,SCS,13,8,22.01,90.32
1974,SCS,20,9,15.75,71.1
1974,CS,26,9,15.87,93.01
1974,D,7,10,16.76,86.61
1974,D,14,10,16.93,85.47
1974,D,24,10,13.94,70.03
1974,SCS,24,11,10.53,89.2
1975,D,7,1,7.22,91.96
1975,SCS,5,5,12.13,95.95
1975,D,30,5,8.65,72.7
1975,SCS,1,5,8.53,71.69
1975,CS,4,6,15.65,87.31
1975,D,18,6,19.17,86.68
1975,D,24,6,20.09,71.87
1975,D,26,6,18.04,86.87
1975,D,18,7,24.23,85.72
1975,D,5,8,18.74,87.93
1975,D,17,8,19.85,88.83
1975,D,9,9,18.54,86.4
1975,D,25,9,22.56,87.88
1975,D,27,10,10.81,84.84
1975,D,2,10,20.54,67.37
1975,D,17,10,14.38,83.64
1975,SCS,20,10,16.4,72.37
1975,CS,1,11,15.15,84.87
1975,CS,7,11,11.44,88.97
1975,SCS,24,11,8.73,85.07
1976,SCS,29,4,11.86,92.29
1976,SCS,30,5,11.67,69.47
1976,D,28,7,22.73,89.26
1976,CS,27,8,20.68,82.76
1976,D,12,8,20.2,89.21
1976,D,1,8,19.11,87.6
1976,SCS,8,9,17.11,92.72
1976,SCS,13,10,10.56,70.71
1976,CS,15,10,9.19,86.05
1976,SCS,3,11,12.66,87.89
1976,D,14,11,11.83,65.48
1976,SCS,15,11,10.78,87.6
1976,CS,22,11,8.08,90.34
1976,SCS,29,12,7.52,88.57
1977,SCS,9,5,7.79,85.15
1977,SCS,9,6,16.07,70.63
1977,D,4,7,20.65,88.67
1977,D,24,7,19.07,88.43
1977,D,30,7,23.97,84.78
1977,D,4,8,21.25,89.09
1977,D,19,8,18.93,91.36
1977,D,30,8,20.82,89.72
1977,D,30,9,12.84,86.53
1977,D,4,9,22.07,71.09
1977,D,8,9,19.2,91.71
1977,D,18,10,9.27,70.78
1977,SCS,27,10,12.95,92.07
1977,D,10,11,10.45,67.53
1977,SCS,14,11,6.07,92.48
1977,D,2,11,17.03,70.85
1977,SCS,9,11,7.7,92.34
1977,D,24,11,8.42,87.59
1978,SCS,14,5,10.65,90.98
1978,D,16,6,16.52,86.42
1978,D,27,6,24.8,87.25
1978,D,11,7,23.67,67.8
1978,D,12,7,19.49,87.71
1978,D,13,8,19.52,89.28
1978,CS,26,8,20.37,89.43
1978,D,16,9,18.24,86.3
1978,D,26,9,24.2,84
1978,D,1,9,22.93,88.83
1978,D,2,10,18.23,92.13
1978,CS,25,10,12.25,90.39
1978,SCS,18,11,6.23,92.83
1978,SCS,3,11,9.98,82.32
1979,SCS,6,5,7.02,90.6
1979,D,28,6,21.26,90.41
1979,SCS,16,6,13.53,70.76
1979,D,23,6,19.49,88.39
1979,D,7,7,19.28,90.05
1979,D,12,8,17.08,92.44
1979,SCS,6,8,20.94,90.32
1979,SCS,18,9,11.44,73.4
1979,D,29,10,10.7,90.36
1979,D,13,11,9.29,72.48
1979,CS,23,11,7.6,88.1
1980,D,15,5,11.67,86.35
1980,D,4,6,14.41,70.47
1980,D,21,6,22.6,81.11
1980,D,26,8,21.79,91.05
1980,D,10,8,26.35,79.41
1980,D,25,8,25.69,82.16
1980,D,5,9,25.8,82.86
1980,D,16,9,17.89,87.16
1980,CS,16,10,9.89,88.5
1980,D,1,10,15.27,91.45
1980,D,14,10,11.31,61.86
1980,D,14,11,11.81,71.79
1980,CS,3,12,9.45,84.87
1980,CS,12,12,10.02,91.15
1981,D,20,6,20.78,89.16
1981,CS,7,8,18.81,88.15
1981,D,12,8,18.78,91.74
1981,D,3,8,19.48,87.86
1981,D,17,9,14.43,84.62
1981,CS,25,9,17.7,89.58
1981,D,9,9,25.4,82.56
1981,SCS,29,10,12.38,72.93
1981,D,31,10,11.84,87.84
1981,CS,8,11,13.12,95.43
1981,SCS,16,11,10.64,93.5
1981,SCS,5,12,8.88,90.51
1982,SCS,31,5,14.36,91.53
1982,SCS,1,5,14.09,82.51
1982,D,17,6,22.71,89.92
1982,D,15,7,20.37,68.83
1982,D,18,7,17.98,87.91
1982,D,2,8,23.42,89.89
1982,D,12,8,20.06,88.32
1982,D,18,8,21.08,87.78
1982,D,25,8,25.99,79.94
1982,D,27,8,19.13,88.42
1982,D,29,9,22.27,91.45
1982,D,9,9,18.2,88.57
1982,SCS,17,10,9.08,83.88
1982,D,2,10,13.97,70.01
1982,SCS,15,10,15.03,86.45
1982,SCS,5,11,11.45,66.15
1982,D,28,11,6.75,88
1982,D,29,11,8.99,67.02
1982,D,30,11,7.4,63.98
1982,D,3,12,7.48,84.17
1983,D,20,6,20.4,70.73
1983,D,24,6,18.11,86.91
1983,D,4,8,23.3,87.45
1983,D,9,9,24.82,82.4
1983,CS,2,10,19.94,86.89
1983,SCS,14,10,18.72,91.52
1983,SCS,6,11,11.94,89.46
1983,D,22,12,6.34,80.95
1984,D,6,6,18.24,67.36
1984,D,30,7,19.4,88.99
1984,D,15,8,19.87,90.41
1984,SCS,13,10,19.02,90.03
1984,SCS,28,11,8.04,85.83
1984,SCS,10,11,9.38,87.84
1984,D,4,12,11.47,68.4
1985,SCS,22,5,15.18,88.43
1985,CS,28,5,14.48,67.05
1985,D,1,8,19.73,88.01
1985,D,5,8,29.29,74.07
1985,D,6,8,20.26,88.07
1985,D,14,8,18.24,88.01
1985,CS,19,9,17.21,90.29
1985,D,23,9,24.55,76.93
1985,D,1,10,14,83.98
1985,D,6,10,19.11,71.5
1985,CS,9,10,12.38,90.22
1985,SCS,14,10,13.34,93.35
1985,D,12,11,12.47,81.59
1985,CS,15,11,12.69,86.37
1985,CS,12,12,7.89,88.56
1986,D,8,1,5.35,83.11
1986,D,23,7,22.7,82.78
1986,D,19,8,21.34,88.3
1986,D,11,8,18.02,88.17
1986,D,8,8,21.29,73.15
1986,D,24,9,20.26,88.38
1986,D,9,11,12.88,70.54
1986,CS,7,11,13.73,81.91
1987,SCS,30,1,5.47,88.45
1987,CS,1,6,15.89,92.2
1987,D,26,8,23.63,90.23
1987,D,12,9,23.39,85.22
1987,D,15,9,23.47,81.97
1987,CS,14,10,12.63,87.89
1987,SCS,31,10,10.8,87.29
1987,SCS,12,11,14.64,88.55
1987,D,20,12,10.64,82.11
1988,D,9,6,20.6,88.58
1988,D,9,6,17.01,70.71
1988,D,17,7,17.32,85.98
1988,D,2,8,21.54,89.59
1988,D,1,10,17.41,85
1988,CS,18,10,20.65,89.15
1988,SCS,15,11,8.96,86.94
1988,SCS,24,11,8.77,94.26
1988,D,7,12,7.68,90.43
1989,SCS,23,5,16.98,90.6
1989,D,9,6,20.04,69.43
1989,D,12,6,19.6,88.4
1989,D,20,6,20.98,88.2
1989,CS,22,7,17.95,87.5
1989,D,16,8,16.23,86.43
1989,D,17,10,17.26,90.05
1989,D,11,11,10.77,83.91
1989,D,17,11,10.66,85.42
1989,SCS,4,11,10.97,99.91
1990,SCS,5,5,9.91,86.01
1990,D,15,5,22.93,89.06
1990,D,14,6,20.75,89.08
1990,D,15,8,18.74,85.86
1990,D,20,8,19.22,89.66
1990,D,4,9,22.33,87.63
1990,D,7,10,19.29,88.71
1990,D,31,10,10.36,87.81
1990,D,14,11,14.02,81.46
1990,D,17,11,13.67,73.46
1990,SCS,15,12,6.81,88.06
1991,SCS,24,4,9.62,88.93
1991,CS,31,5,14.11,89.95
1991,D,27,7,20.62,89.95
1991,D,22,8,21.05,88.01
1991,D,21,9,15.64,83.43
1991,D,28,10,10.52,82.47
1991,D,12,10,18.12,87.02
1991,CS,11,11,11,87.47
1992,CS,16,5,11.15,87.84
1992,CS,8,6,10.84,59.95
1992,D,17,6,19.63,89.07
1992,D,26,7,20.18,88.04
1992,CS,1,10,16.08,67.07
1992,D,7,10,13.7,86.06
1992,D,20,10,18.88,88.47
1992,CS,3,11,14.54,90.57
1992,SCS,11,11,7.38,87.21
1992,SCS,15,11,8.88,99.9
1992,D,1,12,5,76.52
1992,D,21,12,5.42,68.06
1993,D,17,6,21.18,87.57
1993,SCS,12,11,13.88,67.62
1993,D,8,11,6.57,78.27
1993,SCS,1,12,7.89,89.55
1993,D,19,12,7.25,84.16
1994,D,21,3,9.06,90.48
1994,SCS,29,4,8.26,91.81
1994,SCS,5,6,15.99,72.34
1994,D,17,8,20.45,88.38
1994,D,4,10,15.17,81.97
1994,SCS,29,10,8.96,85.05
1994,D,4,11,9.2,83.6
1994,SCS,15,11,8.89,65.64
1995,D,6,5,11.3,81.16
1995,D,8,5,14.74,81.13
1995,D,15,5,20.09,87
1995,D,26,9,21.49,88.2
1995,D,16,9,18.67,90.5
1995,CS,12,10,16.13,70.48
1995,SCS,21,11,6.2,91.64
1995,SCS,7,11,10.47,92.05
1996,D,7,5,18.72,89.06
1996,CS,12,6,10.71,86.08
1996,SCS,17,6,17.66,69.57
1996,D,26,7,23.78,84.13
1996,D,1,10,14.93,82.14
1996,SCS,22,10,13.92,69.09
1996,D,27,10,14.91,86.15
1996,SCS,28,11,11.18,87.12
1996,SCS,4,11,15.74,88.05
1997,SCS,15,5,5.76,90.6
1997,D,26,6,20.91,89.34
1997,D,29,7,19.65,89.38
1997,D,28,8,19.45,87.15
1997,D,4,8,20.96,89.6
1997,D,20,8,20.38,87.68
1997,SCS,23,9,14.84,82.62
1997,D,10,11,10.2,69.8
1997,CS,4,11,12.42,97.89
1998,SCS,17,5,12.85,88.19
1998,D,28,5,13.43,60.09
1998,D,13,6,17.3,87.76
1998,SCS,4,6,10.5,69.59
1998,D,14,9,23.01,77.6
1998,D,30,9,17.46,65
1998,D,6,10,13.9,70.07
1998,CS,11,10,13.56,68.04
1998,D,13,10,15.05,82.72
1998,D,26,10,11.41,88.68
1998,SCS,19,11,11.85,92.54
1998,SCS,13,11,12.85,87.67
1998,SCS,13,12,10.08,69.13
1999,CS,1,2,8.86,89.88
1999,SCS,16,5,11.87,72.24
1999,D,11,6,23.06,86.08
1999,D,17,6,17.97,86.42
1999,D,27,7,21,89.61
1999,D,6,8,20.53,88.54
1999,SCS,15,10,13.43,92.61
1999,SCS,25,10,12.35,98.12
1999,D,8,12,10.48,88.3
2000,CS,27,3,7.6,90
2000,D,23,8,16.38,83.46
2000,D,1,9,23.63,86.79
2000,D,15,10,14.47,88.5
2000,CS,25,10,13.49,93.15
2000,SCS,26,11,8.42,91.75
2000,SCS,23,12,7.84,86.08
2001,SCS,21,5,13.46,68.86
2001,D,12,6,20.12,87.02
2001,CS,24,9,17.04,69.44
2001,CS,8,10,18.29,70.95
2001,CS,14,10,13.52,83.93
2001,D,11,11,15.99,82.45
2002,CS,6,5,11.26,66.92
2002,D,11,5,12.8,96.22
2002,D,22,10,13.57,81.73
2002,SCS,10,11,12.17,82.68
2002,CS,23,11,10.35,87.14
2002,CS,21,12,5,77.07
2003,SCS,10,5,6.47,90.82
2003,D,25,7,20.79,89.26
2003,D,27,8,20.18,89.66
2003,D,6,10,16.43,84.44
2003,D,26,10,13.1,94.44
2003,SCS,12,11,6.96,61.85
2003,SCS,11,12,5.32,90.74
2004,SCS,5,5,11.43,73.75
2004,SCS,16,5,17.14,91.45
2004,D,10,6,17.44,67.62
2004,D,11,6,15.62,90
2004,D,12,9,22.72,88.48
2004,SCS,30,9,15.84,69.04
2004,D,2,10,11.57,87.03
2004,D,7,10,22.72,86.96
2004,D,2,11,11.83,67.21
2004,SCS,29,11,5,62.82
2005,CS,13,1,5.35,88.96
2005,D,21,6,21.22,69.03
2005,D,27,6,22.01,88.2
2005,D,29,7,21.71,87.79
2005,D,12,9,19.8,88.57
2005,D,14,9,19.62,69.15
2005,CS,17,9,19.54,91.13
2005,D,26,10,10.89,85.47
2005,CS,28,11,10.41,91.66
2005,D,20,11,7.72,85.74
2005,D,15,12,7.7,88.3
2005,CS,6,12,10.41,91.2
2006,D,13,1,5.02,79
2006,SCS,25,4,9.54,91.42
2006,D,2,7,20.62,89.86
2006,D,2,8,20.6,88.57
2006,D,12,8,21,88.76
2006,D,16,8,20.53,89.06
2006,D,29,8,20.6,88.69
2006,D,3,9,20.3,88.37
2006,D,21,9,22.6,87.45
2006,SCS,21,9,18.08,66.23
2006,D,28,9,17.67,89.62
2006,CS,29,10,13.57,80.77
2007,D,3,5,13,92.6
2007,CS,13,5,14.07,90.6
2007,SCS,1,6,14.8,69.25
2007,D,21,6,15.26,86.76
2007,CS,25,6,22.96,68.01
2007,D,28,6,18.07,87.4
2007,D,4,7,21.5,89.5
2007,D,5,8,20,89.8
2007,D,21,9,17.1,86.47
2007,D,27,10,11.57,86.73
2007,D,27,10,9.44,66.5
2007,SCS,11,11,9.25,92.4
2008,SCS,27,4,11.93,87.91
2008,D,5,6,14.61,65.97
2008,D,16,6,21.03,90.72
2008,D,9,8,18.92,86.17
2008,D,15,9,18.92,89.43
2008,D,19,10,8.53,60.71
2008,CS,25,10,15.02,86.17
2008,CS,13,11,10.92,85.93
2008,CS,25,11,7.42,80.91
2008,D,4,12,5.92,90.65
2009,D,5,5,20.5,88
2009,CS,9,9,11,72
2009,CS,10,10,6.5,85
2010,SCS,4,4,7.25,92.5
2010,D,7,7,16,84.25
2010,D,7,7,13.5,82.5
2011,D,2,2,6,82.2
2011,D,6,6,10,66.3
2011,D,11,11,19.5,71.8
2012,D,10,10,20.5,91
2013,SCS,6,6,10,84
2013,SCS,8,8,12,96
2013,D,8,8,8,56.5
2013,CS,10,10,5,92
2014,D,3,3,21.5,88.5
2014,D,4,4,8.5,83.5
2014,D,5,5,13,87.5
2014,SCS,7,7,11.5,95
2014,CS,10,10,15.5,68.5
2015,D,4,4,22.7,80.5
2015,SCS,5,5,14.1,66
2015,CS,7,7,14.5,68.5
2015,D,8,8,10.7,83.7
2015,D,9,9,14,70.3
2015,D,10,10,23.1,85.1
2016,D,2,2,12.7,88
2016,D,6,6,24.8,81.5
2016,SCS,6,6,8.5,91
2016,D,9,9,22,88.5
2017,D,6,6,8.5,88.5
2017,D,9,9,22.4,88.4
2017,D,11,11,20.5,89.5
2018,D,6,6,21.8,88
2018,SCS,6,6,11.2,67
2018,SCS,8,8,14,88.8
2018,SCS,10,10,11.7,92.5
2019,CS,2,2,5.7,56.6
2019,D,3,3,12.7,71
2019,CS,4,4,8.5,99.7
2019,SCS,5,5,13.1,91.5
2019,D,6,6,20.5,88
2019,D,8,8,9.4,62.2
2019,SCS,10,10,11.7,71
2020,SCS,1,1,13,71.4
2020,D,11,11,15.3,86.5
2021,CS,2,2,11,89
2021,D,2,2,11,96.3
2021,D,7,7,14,67.5
2021,D,10,10,10.6,83.4
2021,D,12,12,20.3,87.4
2022,D,3,3,5.3,84
2022,SCS,6,6,8.2,88.2
2022,SCS,7,7,9.4,91.3
2022,D,9,9,20.8,85.6
2022,D,11,11,19.5,84.7
2022,D,12,12,22.5,66.5
2023,D,1,1,20.5,91.5
2023,SCS,1,1,9.1,86.4
2023,SCS,6,6,11.3,66
2023,SCS,9,9,8.3,89.5
